quantile,theoretical,empirical,error
0.01,0.01,0.019363762102351315,0.009363762102351314
0.05,0.05,0.045182111572153065,0.004817888427846938
0.1,0.1,0.07837713231904103,0.021622867680958974
