quantile,theoretical,empirical,error
0.01,0.01,0.013216465513285302,0.0032164655132853014
0.05,0.05,0.035366282716106034,0.014633717283893968
0.1,0.1,0.06270172701268108,0.03729827298731893
