{
  "total_return": 0.09828259946633078,
  "annualized_return": 0.04962506393353417,
  "annualized_vol": 0.18105601907057917,
  "sharpe_ratio": 0.2740867947294774,
  "max_drawdown": -0.26838702737487347
}