{
  "total_return": 0.046015329765699775,
  "annualized_return": 0.07228980502563791,
  "annualized_vol": 0.335987940338102,
  "sharpe_ratio": 0.2151559515883018,
  "max_drawdown": -0.442052595954615
}