quantile,theoretical,empirical,error
0.01,0.01,0.4256258782369304,0.41562587823693037
0.05,0.05,0.43713974362650915,0.38713974362650916
0.1,0.1,0.4493131828740214,0.34931318287402136
