quantile,theoretical,empirical,error
0.01,0.01,0.06896848384044048,0.058968483840440476
0.05,0.05,0.14037452324280922,0.09037452324280922
0.1,0.1,0.19817326718476672,0.09817326718476671
