Model,q01pct_error,q01pct_empirical,q05pct_error,q05pct_empirical,q10pct_error,q10pct_empirical
NeuralFactors,0.4156258782369303,0.4256258782369304,0.3871397436265091,0.4371397436265091,0.3493131828740213,0.4493131828740214
PPCA,0.0093637621023513,0.0193637621023513,0.0048178884278469,0.045182111572153,0.0216228676809589,0.078377132319041
